-- 1. 插入活动主表数据
INSERT Activity(ActivityId, ActivityName, ActivityType, ActivityTask, ActivityShop)
VALUES 
(110101, '雪山降临1101-序章', '剧情活动', '通关雪山序章-冻土边缘', '兑换霜星信物、雪山防寒服'),
(110102, '雪山降临1101-主线1', '剧情活动', '通关雪山1-1-雪怪营地', '兑换爱国者信物、高级养成材料'),
(110103, '雪山降临1101-主线2', '剧情活动', '通关雪山1-2-冰河防线', '兑换雪怪小队・叶莲娜信物、龙门币'),
(110104, '雪山降临1101-主线3', '剧情活动', '通关雪山1-3-冻土堡垒', '兑换雪境信使信物、经验卡'),
(110105, '雪山降临1101-主线4', '剧情活动', '通关雪山1-4-霜牙巢穴', '兑换冻土守卫信物、技能材料'),
(110106, '雪山降临1101-绝境1', '挑战活动', '通关雪山绝境难度1-1', '兑换高级寻访凭证*2'),
(110107, '雪山降临1101-绝境2', '挑战活动', '通关雪山绝境难度1-2', '兑换合成玉*600'),
(110108, '雪山降临1101-绝境3', '挑战活动', '通关雪山绝境难度1-3', '兑换高级技能书*5'),
(110109, '雪山降临1101-绝境4', '挑战活动', '通关雪山绝境难度1-4', '兑换精二材料自选包'),
(110110, '雪山降临1101-日常1', '日常活动', '每日通关雪山任意关卡3次', '兑换雪山代币*10'),
(110111, '雪山降临1101-日常2', '日常活动', '每日击败雪怪小队敌人50只', '兑换雪山代币*15'),
(110112, '雪山降临1101-日常3', '日常活动', '每日完成雪山委托任务2个', '兑换雪山代币*20'),
(110113, '雪山降临1101-累计1', '累计活动', '累计通关雪山关卡50次', '兑换雪境猎人信物'),
(110114, '雪山降临1101-累计2', '累计活动', '累计获得雪山代币500个', '兑换雪境医师信物'),
(110115, '雪山降临1101-累计3', '累计活动', '累计击败霜牙巨兽10次', '兑换霜原守卫信物'),
(110116, '雪山降临1101-隐藏1', '剧情活动', '解锁雪山隐藏剧情-霜星的过往', '兑换雪山限定头像框'),
(110117, '雪山降临1101-隐藏2', '剧情活动', '解锁雪山隐藏剧情-爱国者的承诺', '兑换雪山限定称号'),
(110118, '雪山降临1101-隐藏3', '剧情活动', '解锁雪山隐藏剧情-雪怪小队的归宿', '兑换雪山限定名片'),
(110119, '雪山降临1101-联机1', '限时活动', '参与雪山联机模式5次', '兑换联机专属材料'),
(110120, '雪山降临1101-联机2', '限时活动', '雪山联机模式获得S评价', '兑换联机专属头像'),
(110121, '雪山降临1101-社交1', '累计活动', '累计邀请好友参与雪山活动3次', '兑换友情点*500'),
(110122, '雪山降临1101-社交2', '累计活动', '累计向好友赠送雪山代币20次', '兑换友情寻访凭证*1'),
(110123, '雪山降临1101-危机1', '挑战活动', '雪山危机等级达到18级', '兑换危机合约专属材料'),
(110124, '雪山降临1101-危机2', '挑战活动', '雪山危机等级达到24级', '兑换危机合约专属称号'),
(110125, '雪山降临1101-登录1', '福利活动', '登录雪山活动第1天', '兑换雪山代币*5'),
(110126, '雪山降临1101-登录3', '福利活动', '登录雪山活动第3天', '兑换雪山代币*10'),
(110127, '雪山降临1101-登录7', '福利活动', '登录雪山活动第7天', '兑换雪山代币*20'),
(110128, '雪山降临1101-登录14', '福利活动', '登录雪山活动第14天', '兑换雪山限定干员-雪境斥候'),
(110129, '雪山降临1101-分享', '福利活动', '分享雪山活动到社交平台', '兑换雪山代币*5'),
(110130, '雪山降临1101-全任务', '福利活动', '完成雪山活动全任务', '兑换雪山限定家具套装');
GO

-- 2. 插入活动关卡表数据
INSERT ActivityLevel(ActivityLevelId,ActivityId,ActivityLevelName,StartTime,EndTime)
VALUES 
(110101, 110101, '雪山序章-冻土边缘', '2025-11-01 10:00:00', '2025-11-15 23:59:59'),
(110102, 110102, '雪山1-1-雪怪营地', '2025-11-01 10:00:00', '2025-11-15 23:59:59'),
(110103, 110103, '雪山1-2-冰河防线', '2025-11-01 10:00:00', '2025-11-15 23:59:59'),
(110104, 110104, '雪山1-3-冻土堡垒', '2025-11-01 10:00:00', '2025-11-15 23:59:59'),
(110105, 110105, '雪山1-4-霜牙巢穴', '2025-11-01 10:00:00', '2025-11-15 23:59:59'),
(110106, 110106, '雪山绝境1-1-雪怪营地', '2025-11-03 10:00:00', '2025-11-15 23:59:59'),
(110107, 110107, '雪山绝境1-2-冰河防线', '2025-11-03 10:00:00', '2025-11-15 23:59:59'),
(110108, 110108, '雪山绝境1-3-冻土堡垒', '2025-11-03 10:00:00', '2025-11-15 23:59:59'),
(110109, 110109, '雪山绝境1-4-霜牙巢穴', '2025-11-03 10:00:00', '2025-11-15 23:59:59'),
(110110, 110119, '雪山联机1-1-协同防线', '2025-11-05 10:00:00', '2025-11-15 23:59:59'),
(110111, 110120, '雪山联机1-2-联合突围', '2025-11-05 10:00:00', '2025-11-15 23:59:59'),
(110112, 110120, '雪山联机1-3-堡垒守卫', '2025-11-05 10:00:00', '2025-11-15 23:59:59'),
(110113, 110123, '雪山危机1-1-寒锋', '2025-11-07 10:00:00', '2025-11-15 23:59:59'),
(110114, 110124, '雪山危机1-2-冻土', '2025-11-07 10:00:00', '2025-11-15 23:59:59'),
(110115, 110124, '雪山危机1-3-霜牙', '2025-11-07 10:00:00', '2025-11-15 23:59:59'),
(110116, 110116, '雪山隐藏1-1-霜星的小屋', '2025-11-09 10:00:00', '2025-11-15 23:59:59'),
(110117, 110117, '雪山隐藏1-2-爱国者的营地', '2025-11-09 10:00:00', '2025-11-15 23:59:59'),
(110118, 110110, '雪山训练1-1-基础生存', '2025-11-01 10:00:00', '2025-11-15 23:59:59'),
(110119, 110111, '雪山训练1-2-雪怪应对', '2025-11-01 10:00:00', '2025-11-15 23:59:59'),
(110120, 110112, '雪山训练1-3-霜牙狩猎', '2025-11-01 10:00:00', '2025-11-15 23:59:59'),
(110121, 110110, '雪山日常1-1-物资收集', '2025-11-01 10:00:00', '2025-11-15 23:59:59'),
(110122, 110111, '雪山日常1-2-敌人清剿', '2025-11-01 10:00:00', '2025-11-15 23:59:59'),
(110123, 110112, '雪山日常1-3-防线加固', '2025-11-01 10:00:00', '2025-11-15 23:59:59'),
(110124, 110119, '雪山限时1-1-极光之夜', '2025-11-10 10:00:00', '2025-11-12 23:59:59'),
(110125, 110120, '雪山限时1-2-霜雪之晨', '2025-11-10 10:00:00', '2025-11-12 23:59:59'),
(110126, 110113, '雪山复刻1-1-冻土回忆', '2025-11-13 10:00:00', '2025-11-15 23:59:59'),
(110127, 110114, '雪山复刻1-2-雪怪往事', '2025-11-13 10:00:00', '2025-11-15 23:59:59'),
(110128, 110116, '雪山最终关-霜星的抉择', '2025-11-14 10:00:00', '2025-11-15 23:59:59'),
(110129, 110117, '雪山最终关-爱国者的守护', '2025-11-14 10:00:00', '2025-11-15 23:59:59'),
(110130, 110130, '雪山庆典关-雪境狂欢', '2025-11-15 10:00:00', '2025-11-15 23:59:59');
GO

-- 3. 插入玩家表数据
INSERT Player(PlayerId,ActivityLevelId, Nickname,PlayerLevel,RegisterTime)
VALUES 
(1, 110101, '雪山萌新刀客塔', 18, '2025-11-01 09:10:00'),
(2, 110102, '霜星的追随者', 32, '2025-11-01 10:20:00'),
(3, 110101, '罗德岛雪境小队', 45, '2025-10-30 15:30:00'),
(4, 110103, '雪怪整合运动', 25, '2025-11-02 08:40:00'),
(5, 110102, '寒锋守望者', 38, '2025-10-29 16:50:00'),
(6, 110104, '雪山突围者', 52, '2025-10-28 11:05:00'),
(7, 110101, '冻土生存者', 22, '2025-11-01 13:15:00'),
(8, 110105, '雪境战略家', 48, '2025-10-31 07:20:00'),
(9, 110103, '霜牙狩猎者', 30, '2025-11-02 14:25:00'),
(10, 110102, '冰河漫步者', 28, '2025-10-30 12:30:00'),
(11, 110104, '雪山登顶者', 55, '2025-10-27 18:35:00'),
(12, 110101, '萌新过图侠', 15, '2025-11-03 09:40:00'),
(13, 110105, '雪境全通王', 60, '2025-10-26 17:45:00'),
(14, 110103, '速刷雪山佬', 36, '2025-11-01 10:50:00'),
(15, 110102, '佛系赏雪客', 20, '2025-10-29 08:55:00'),
(16, 110104, '氪金雪境主', 58, '2025-10-28 13:00:00'),
(17, 110101, '肝穿雪山肝帝', 24, '2025-11-02 16:05:00'),
(18, 110105, '雪境战术大师', 46, '2025-10-31 11:10:00'),
(19, 110103, '雪山萌新报到', 16, '2025-11-03 14:15:00'),
(20, 110102, '老玩家刷雪山', 33, '2025-10-27 09:20:00'),
(21, 110104, '雪境六星收集者', 51, '2025-10-26 15:25:00'),
(22, 110101, '四星战神过雪山', 19, '2025-11-01 12:30:00'),
(23, 110105, '雪山危机合约佬', 59, '2025-10-25 10:35:00'),
(24, 110103, '日常打卡雪山', 31, '2025-11-02 08:40:00'),
(25, 110102, '零氪过雪山', 26, '2025-10-29 13:45:00'),
(26, 110104, '雪境欧皇', 50, '2025-10-28 16:50:00'),
(27, 110101, '雪山非酋', 14, '2025-11-03 10:55:00'),
(28, 110105, '雪境干员全精二', 57, '2025-10-30 14:00:00'),
(29, 110103, '雪山升级中', 18, '2025-11-01 17:05:00'),
(30, 110102, '雪山活动肝帝', 29, '2025-10-31 09:10:00');
GO

-- 4. 插入干员表数据
INSERT Operator(OperatorId,PlayerId,OperatorName,Rarity,IsActivity)
VALUES 
(1, 1, '阿米娅', 6, 0),
(2, 2, '能天使', 6, 0),
(3, 3, '霜星', 6, 1),
(4, 4, '煌', 6, 0),
(5, 5, '闪灵', 6, 0),
(6, 6, '爱国者', 6, 1),
(7, 7, '蛇屠箱', 4, 0),
(8, 8, '艾雅法拉', 6, 0),
(9, 9, '雪怪小队・叶莲娜', 5, 1),
(10, 10, '砾', 4, 0),
(11, 11, '银灰', 6, 0),
(12, 12, '雪境信使', 5, 1),
(13, 13, '桃金娘', 4, 0),
(14, 14, '塞雷娅', 6, 0),
(15, 15, '冻土守卫', 6, 1),
(16, 16, '拉普兰德', 5, 0),
(17, 17, '凯尔希', 6, 0),
(18, 18, '雪境猎人', 5, 1),
(19, 19, '香草', 3, 0),
(20, 20, '棘刺', 6, 0),
(21, 21, '雪山祭祀', 6, 1),
(22, 22, '克洛丝', 3, 0),
(23, 23, '史尔特尔', 6, 0),
(24, 24, '寒地斥候', 6, 1),
(25, 25, '安赛尔', 3, 0),
(26, 26, '山', 6, 0),
(27, 27, '雪境医师', 5, 1),
(28, 28, '梓兰', 3, 0),
(29, 29, '泥岩', 6, 0),
(30, 30, '霜原守卫', 5, 1);
GO

-- 5. 插入干员技能表数据
INSERT OperatorSkill(SkillId,OperatorId,SkillName,SkillLevel)
VALUES 
(1, 1, '奇美拉', 7),
(2, 2, '过载模式', 9),
(3, 3, '霜寒领域', 9),
(4, 4, '链锯延伸模块', 9),
(5, 5, '教条立场', 9),
(6, 6, '冻土屏障', 9),
(7, 7, '防御力强化・γ型', 7),
(8, 8, '火山', 9),
(9, 9, '雪怪突袭', 9),
(10, 10, '影刃', 7),
(11, 11, '真银斩', 9),
(12, 12, '霜雪狙击', 9),
(13, 13, '支援号令・β型', 7),
(14, 14, '药物配置・γ型', 9),
(15, 15, '寒冰冲击', 9),
(16, 16, '精神摧毁', 7),
(17, 17, '迅捷打击・γ型', 9),
(18, 18, '雪地潜行', 9),
(19, 19, '攻击力强化・β型', 7),
(20, 20, '荆棘', 9),
(21, 21, '雪山祭祀祷言', 9),
(22, 22, '精准打击・β型', 7),
(23, 23, '黄昏', 9),
(24, 24, '寒地侦察', 9),
(25, 25, '治疗强化・β型', 7),
(26, 26, '横扫千军', 9),
(27, 27, '雪境治疗术', 9),
(28, 28, '减速力场・β型', 7),
(29, 29, '岩崩锤', 9),
(30, 30, '霜原守护', 9);
GO

-- 6. 插入干员精英化表数据
INSERT OperatorPromotion(OperatorPromotionId,OperatorId,PromotionLevel,UnlockTime)
VALUES 
(1, 1, 1, '2025-11-02'),
(2, 2, 2, '2025-11-03'),
(3, 3, 2, '2025-11-05'),
(4, 4, 2, '2025-11-04'),
(5, 5, 2, '2025-11-06'),
(6, 6, 2, '2025-11-07'),
(7, 7, 1, '2025-11-02'),
(8, 8, 2, '2025-11-03'),
(9, 9, 2, '2025-11-08'),
(10, 10, 1, '2025-11-02'),
(11, 11, 2, '2025-11-04'),
(12, 12, 2, '2025-11-09'),
(13, 13, 1, '2025-11-02'),
(14, 14, 2, '2025-11-05'),
(15, 15, 2, '2025-11-10'),
(16, 16, 1, '2025-11-02'),
(17, 17, 2, '2025-11-06'),
(18, 18, 2, '2025-11-11'),
(19, 19, 1, '2025-11-02'),
(20, 20, 2, '2025-11-07'),
(21, 21, 2, '2025-11-12'),
(22, 22, 1, '2025-11-02'),
(23, 23, 2, '2025-11-08'),
(24, 24, 2, '2025-11-13'),
(25, 25, 1, '2025-11-02'),
(26, 26, 2, '2025-11-09'),
(27, 27, 2, '2025-11-14'),
(28, 28, 1, '2025-11-02'),
(29, 29, 2, '2025-11-10'),
(30, 30, 2, '2025-11-15');
GO

-- 7. 插入战斗记录表数据
INSERT BattleRecord(RecordId,PlayerId,ActivityLevelId,StartTime,EndTime,Result)
VALUES 
(1, 1, 110101, '2025-11-01 10:10:00', '2025-11-01 10:20:00', '胜利'),
(2, 2, 110102, '2025-11-01 10:15:00', '2025-11-01 10:25:00', '胜利'),
(3, 3, 110101, '2025-11-01 10:20:00', '2025-11-01 10:28:00', '胜利'),
(4, 4, 110103, '2025-11-01 10:25:00', '2025-11-01 10:35:00', '失败'),
(5, 5, 110102, '2025-11-01 10:30:00', '2025-11-01 10:40:00', '胜利'),
(6, 6, 110104, '2025-11-01 10:35:00', '2025-11-01 10:45:00', '胜利'),
(7, 7, 110101, '2025-11-01 10:40:00', '2025-11-01 10:50:00', '失败'),
(8, 8, 110105, '2025-11-01 10:45:00', '2025-11-01 10:55:00', '胜利'),
(9, 9, 110103, '2025-11-01 10:50:00', '2025-11-01 11:00:00', '胜利'),
(10, 10, 110102, '2025-11-01 10:55:00', '2025-11-01 11:05:00', '胜利'),
(11, 11, 110104, '2025-11-01 11:00:00', '2025-11-01 11:10:00', '胜利'),
(12, 12, 110101, '2025-11-01 11:05:00', '2025-11-01 11:15:00', '胜利'),
(13, 13, 110105, '2025-11-01 11:10:00', '2025-11-01 11:20:00', '胜利'),
(14, 14, 110103, '2025-11-01 11:15:00', '2025-11-01 11:25:00', '失败'),
(15, 15, 110102, '2025-11-01 11:20:00', '2025-11-01 11:30:00', '胜利'),
(16, 16, 110104, '2025-11-01 11:25:00', '2025-11-01 11:35:00', '胜利'),
(17, 17, 110101, '2025-11-01 11:30:00', '2025-11-01 11:40:00', '胜利'),
(18, 18, 110105, '2025-11-01 11:35:00', '2025-11-01 11:45:00', '胜利'),
(19, 19, 110103, '2025-11-01 11:40:00', '2025-11-01 11:50:00', '胜利'),
(20, 20, 110102, '2025-11-01 11:45:00', '2025-11-01 11:55:00', '失败'),
(21, 21, 110104, '2025-11-01 11:50:00', '2025-11-01 12:00:00', '胜利'),
(22, 22, 110101, '2025-11-01 11:55:00', '2025-11-01 12:05:00', '胜利'),
(23, 23, 110105, '2025-11-01 12:00:00', '2025-11-01 12:10:00', '胜利'),
(24, 24, 110103, '2025-11-01 12:05:00', '2025-11-01 12:15:00', '胜利'),
(25, 25, 110102, '2025-11-01 12:10:00', '2025-11-01 12:20:00', '胜利'),
(26, 26, 110104, '2025-11-01 12:15:00', '2025-11-01 12:25:00', '失败'),
(27, 27, 110101, '2025-11-01 12:20:00', '2025-11-01 12:30:00', '胜利'),
(28, 28, 110105, '2025-11-01 12:25:00', '2025-11-01 12:35:00', '胜利'),
(29, 29, 110103, '2025-11-01 12:30:00', '2025-11-01 12:40:00', '胜利'),
(30, 30, 110102, '2025-11-01 12:35:00', '2025-11-01 12:45:00', '胜利');
GO

-- 8. 插入签到活动表数据（修正外键：ActivityId改为存在的ID）
INSERT SignInActivity(SignInId, ActivityId, PlayerId, SignInDate, Reward)
VALUES 
(1, 110101, 1, '2024-02-01', '活动代币x100'),
(2, 110101, 1, '2024-02-02', '体力药x2'),
(3, 110101, 2, '2024-02-01', '活动代币x100'),
(4, 110102, 3, '2024-03-15', '高级素材x5'),
(5, 110102, 4, '2024-03-15', '高级素材x5'),
(6, 110103, 5, '2024-11-01', '复刻代币x150'),
(7, 110103, 6, '2024-11-01', '复刻代币x150'),
(8, 110103, 5, '2024-11-02', '限定家具x1');
GO

-- 9. 插入玩家-关卡关联表数据
INSERT PlayerActivityLevel(PlayerActivityLevelId,PlayerId,ActivityLevelId)
VALUES 
(1, 1, 110101),
(2, 2, 110102),
(3, 3, 110101),
(4, 4, 110103),
(5, 5, 110102),
(6, 6, 110104),
(7, 7, 110101),
(8, 8, 110105),
(9, 9, 110103),
(10, 10, 110102),
(11, 11, 110104),
(12, 12, 110101),
(13, 13, 110105),
(14, 14, 110103),
(15, 15, 110102),
(16, 16, 110104),
(17, 17, 110101),
(18, 18, 110105),
(19, 19, 110103),
(20, 20, 110102),
(21, 21, 110104),
(22, 22, 110101),
(23, 23, 110105),
(24, 24, 110103),
(25, 25, 110102),
(26, 26, 110104),
(27, 27, 110101),
(28, 28, 110105),
(29, 29, 110103),
(30, 30, 110102);
GO
